<?xml version="1.0" encoding="utf-8"?>
	<strings>
		<string id="str_fatherhusband" text="{=fatherhusband}Father-husband"/>
		<string id="str_motherwife" text="{=motherwife}Mother-wife"/>
		<string id="str_brotherhusband" text="{=brotherhusband}Brother-husband"/>
		<string id="str_sisterwife" text="{=sisterwife}Sister-wife"/>
		<string id="str_sonhusband" text="{=sonhusband}Son-husband"/>
		<string id="str_daughterwife" text="{=daughterwife}Daughter-wife"/>
		<string id="str_exhusband" text="{=exhusband}Ex-husband"/>
		<string id="str_exwife" text="{=exwife}Ex-wife"/>
		<string id="str_husband" text="{=husband}Husband"/>
		<string id="str_wife" text="{=wife}Wife"/>
		<string id="str_husbands_wife" text="{=husbands_wife}Husband's wife"/>
		<string id="str_husbands_husband" text="{=husbands_husband}Husband's husband"/>
		<string id="str_wifes_husband" text="{=wifes_husband}Wife's husband"/>
		<string id="str_wifes_wife" text="{=wifes_wife}Wife's wife"/>
		<string id="str_adoptedson" text="{=adoptedson}Adopted son"/>
		<string id="str_adopteddaughter" text="{=adopteddaughter}Adopted daughter"/>
		<string id="str_adoptivemother" text="{=adoptivemother}Adoptive mother"/>
		<string id="str_adoptivefather" text="{=adoptivefather}Adoptive father"/>
		<string id="str_hero_adopted_hero" text="{=adopted}{ADOPTER.LINK} adopted {ADOPTED_HERO.LINK}."/>
		<!-- Uppercase In-Laws -->
		<string id="str_ma_husband_fatherinlaw" text="{=mahusbandfatherinlaw}Father-in-law"/>
		<string id="str_ma_husband_motherinlaw" text="{=mahusbandmotherinlaw}Mother-in-law"/>
		<string id="str_ma_husband_sisterinlaw" text="{=mahusbandsisterinlaw}Sister-in-law"/>
		<string id="str_ma_husband_brotherinlaw" text="{=mahusbandbrotherinlaw}Brother-in-law"/>
		<string id="str_ma_wife_fatherinlaw" text="{=mawifefatherinlaw}Father-in-law"/>
		<string id="str_ma_wife_motherinlaw" text="{=mawifemotherinlaw}Mother-in-law"/>
		<string id="str_ma_wife_sisterinlaw" text="{=mawifesisterinlaw}Sister-in-law"/>
		<string id="str_ma_wife_brotherinlaw" text="{=mawifebrotherinlaw}Brother-in-law"/>
		<!-- Warning -->
		<string id="str_warning" text="{=warning}Marry Anyone: Warning"/>
		<string id="str_dontshowagain" text="{=dontshowagain}Don't Show Again"/>
		<string id="str_no_mcm_info" text="{=no_mcm_info}MCM is either not detected or not compatible with this version of Marry Anyone. Marry Anyone will use the settings from the config file inside of the MarryAnyone folder."/>
		<string id="str_no_config_info" text="{=no_config_info}MCM is either not detected or not compatible with this version of Marry Anyone. Marry Anyone could not find the config file and will use default settings."/>
	</strings>